,Date,Capacity,Turnover,Open,High,Low,Close,Change,Transcation
0,2016-01-04,5501000,269097000,49.5,49.55,48.4,49.15,-0.4,3153
1,2016-01-05,12999000,667425000,49.55,52.5,49.55,51.9,2.75,7318
2,2016-01-06,20929000,1113208000,52.7,54.2,51.6,53.2,1.3,10543
3,2016-01-07,18118000,924565000,52.3,52.9,49.3,49.3,-3.9,9492
4,2016-01-08,9727000,483546000,48.5,50.5,48.5,50.1,0.8,6869
5,2016-01-11,12352000,590285000,49.3,49.35,46.5,47.8,-2.3,6148
6,2016-01-12,9165000,437681000,48.3,49.45,46.8,47.1,-0.7,6037
7,2016-01-13,8046000,381542000,48.2,48.5,46.4,47.5,0.4,4774
8,2016-01-14,10674000,488174000,45.1,46.85,44.5,46.3,-1.2,5795
9,2016-01-15,6125000,286605000,47.2,47.45,45.8,46.25,-0.05,3262
10,2016-01-18,7648000,361391000,44.55,50.0,44.55,49.1,2.85,4550
11,2016-01-19,7989000,400221000,49.3,51.0,48.25,50.4,1.3,5073
12,2016-01-20,5705000,281967000,50.4,50.4,48.05,48.5,-1.9,3423
13,2016-01-21,7605000,382388000,49.0,51.5,48.7,49.95,1.45,3879
14,2016-01-22,5030000,254267000,50.5,51.4,49.95,49.95,0.0,2731
15,2016-01-25,6947000,358644000,50.7,52.3,50.5,51.9,1.95,3983
16,2016-01-26,10871000,577937000,51.7,54.0,51.3,53.4,1.5,5777
17,2016-01-27,13001000,710276000,53.5,55.4,53.5,54.0,0.6,6954
18,2016-01-28,9300000,502401000,53.0,55.0,52.5,55.0,1.0,5053
19,2016-01-29,21223000,1117645000,54.0,55.0,51.5,52.1,-2.9,9452
20,2016-01-30,8905000,474149000,52.4,53.7,52.3,53.1,1.0,4280
21,2016-02-01,11940000,647204000,53.8,54.8,53.5,53.6,0.5,5872
22,2016-02-02,6701000,357649000,54.0,54.2,52.7,53.0,-0.6,3528
23,2016-02-03,4750000,253366000,52.5,53.9,52.5,53.4,0.4,2724
24,2016-02-15,8053000,435412000,53.5,55.5,52.5,53.1,-0.3,4823
25,2016-02-16,5795000,313232000,53.1,55.0,52.8,55.0,1.9,3419
26,2016-02-17,4662000,253414000,55.4,55.5,53.9,54.6,-0.4,2828
27,2016-02-18,5746000,311213000,54.9,55.0,53.4,53.8,-0.8,3259
28,2016-02-19,6947000,376483000,54.2,55.1,53.5,54.3,0.5,3896
29,2016-02-22,2952000,159791000,54.3,54.7,53.6,54.0,-0.3,1930
30,2016-02-23,3970000,216322000,54.4,54.9,54.0,54.1,0.1,2414
31,2016-02-24,4312000,229621000,54.1,54.5,52.5,52.7,-1.4,2644
32,2016-02-25,2177000,115647000,53.2,53.4,52.8,53.3,0.6,1376
33,2016-02-26,3224000,174258000,53.9,54.4,53.6,54.1,0.8,1780
34,2016-03-01,21637000,1254357000,54.4,59.5,54.2,59.5,5.4,9117
35,2016-03-02,18071000,1101692000,61.4,62.3,60.1,60.1,0.6,8716
36,2016-03-03,8158000,480853000,59.5,60.0,58.1,59.0,-1.1,4545
37,2016-03-04,6346000,374740000,59.2,60.2,58.4,59.0,0.0,3690
38,2016-03-07,4900000,288066000,59.0,59.4,58.2,59.4,0.4,2499
39,2016-03-08,11288000,675507000,60.8,61.6,58.6,58.6,-0.8,5509
40,2016-03-09,9527000,567871000,58.6,61.0,57.6,60.9,2.3,5455
41,2016-03-10,5198000,309894000,59.8,60.2,59.1,59.5,-1.4,3068
42,2016-03-11,7190000,418587000,58.8,59.0,57.8,58.1,-1.4,4035
43,2016-03-14,3938000,231965000,59.0,59.5,58.4,58.7,0.6,2512
44,2016-03-15,6127000,361051000,59.3,60.0,58.1,58.4,-0.3,3411
45,2016-03-16,6366000,380031000,58.9,60.3,58.1,59.9,1.5,3309
46,2016-03-17,14655000,900120000,60.8,62.3,60.2,62.0,2.1,7534
47,2016-03-18,11539000,689341000,60.4,60.7,58.8,60.0,-2.0,5933
48,2016-03-21,8072000,494940000,60.6,62.9,59.6,62.5,2.5,4404
49,2016-03-22,17266000,1132070000,64.2,68.0,63.6,64.8,2.3,8831
50,2016-03-23,13676000,904452000,64.2,67.5,63.9,66.4,1.6,7488
51,2016-03-24,7550000,498055000,65.8,67.0,64.8,67.0,0.6,4457
52,2016-03-25,6876000,459233000,67.4,68.8,65.6,65.9,-1.1,3874
53,2016-03-28,3702000,241780000,65.9,66.1,64.9,65.7,-0.2,2256
54,2016-03-29,7278000,468825000,65.7,66.5,63.4,64.3,-1.4,3881
55,2016-03-30,4800000,311706000,65.5,65.7,64.5,64.5,0.2,2578
56,2016-03-31,4528000,290106000,64.8,65.0,63.8,63.8,-0.7,2049
57,2016-04-01,5640000,363763000,63.7,65.3,63.0,64.6,0.8,2967
58,2016-04-06,5275000,343112000,64.9,66.0,64.0,65.3,0.7,3137
59,2016-04-07,7787000,517327000,66.5,67.0,65.7,66.1,0.8,4527
60,2016-04-08,5963000,395966000,66.1,67.2,65.8,66.1,0.0,3306
61,2016-04-11,5039000,337732000,66.7,67.8,66.3,67.0,0.9,2796
62,2016-04-12,10147000,661759000,66.9,67.0,64.0,64.0,-3.0,4566
63,2016-04-13,5186000,330951000,64.4,64.7,63.3,63.9,-0.1,2915
64,2016-04-14,7982000,507089000,64.9,64.9,62.5,63.0,-0.9,3693
65,2016-04-15,11287000,685360000,62.4,62.5,59.6,60.6,-2.4,5594
66,2016-04-18,7519000,456770000,59.8,61.5,59.8,61.5,0.9,4119
67,2016-04-19,6626000,400785000,61.5,62.2,59.8,59.8,-1.7,3236
68,2016-04-20,6496000,385296000,60.4,60.4,58.5,59.6,-0.2,2764
69,2016-04-21,8484000,524151000,60.9,62.4,60.8,62.4,2.8,4425
70,2016-04-22,9783000,604453000,62.3,63.3,60.5,60.8,-1.6,5391
71,2016-04-25,10119000,640258000,60.8,65.0,60.7,64.2,3.4,6097
72,2016-04-26,8496000,550267000,63.8,66.0,63.8,65.5,1.3,5164
73,2016-04-27,10298000,662182000,65.1,65.4,62.6,64.5,-1.0,5562
74,2016-04-28,9816000,626632000,65.5,65.5,63.0,63.1,-1.4,5467
75,2016-04-29,7013000,431056000,62.5,62.6,60.5,61.0,-2.1,4018
76,2016-05-03,5445000,328274000,60.1,61.3,59.6,60.7,-0.3,3348
77,2016-05-04,5606000,338880000,60.2,61.6,59.7,60.1,-0.6,2979
78,2016-05-05,7481000,459929000,60.6,62.3,60.5,61.2,1.1,4146
79,2016-05-06,7508000,454176000,61.2,61.6,59.8,60.0,-1.2,3828
80,2016-05-09,9693000,570507000,60.4,60.9,58.0,58.0,-2.0,4924
81,2016-05-10,5523000,324976000,57.7,59.6,57.4,59.5,1.5,3363
82,2016-05-11,5281000,316859000,60.1,60.8,59.1,59.1,-0.4,3469
83,2016-05-12,4361000,255945000,59.0,59.8,57.3,57.7,-1.4,2670
84,2016-05-13,7876000,470959000,60.3,60.3,59.0,60.2,2.5,4259
85,2016-05-16,3361000,201525000,60.5,60.6,59.2,60.2,0.0,2388
86,2016-05-17,13863000,877187000,61.0,65.0,60.9,64.4,4.2,7537
87,2016-05-18,8274000,533292000,63.9,65.8,63.0,65.3,0.9,4894
88,2016-05-19,6682000,426232000,65.0,65.3,62.8,63.0,-2.3,3708
89,2016-05-20,10315000,636902000,62.9,63.4,61.1,61.5,-1.5,4878
90,2016-05-23,7001000,437301000,61.5,63.5,60.6,63.4,1.9,3771
91,2016-05-24,4256000,266742000,63.3,63.3,62.3,62.6,-0.8,2524
92,2016-05-25,5967000,377663000,63.2,63.9,62.7,63.3,0.7,2886
93,2016-05-26,4564000,287540000,63.2,63.7,62.5,62.7,-0.6,2813
94,2016-05-27,9133000,589516000,63.0,65.8,62.8,64.4,1.7,4903
95,2016-05-30,5031000,326830000,65.0,65.4,64.7,64.7,0.3,2764
96,2016-05-31,5323000,341893000,65.0,65.1,63.3,64.2,-0.5,3044
97,2016-06-01,6691000,437919000,64.4,65.9,64.3,65.5,1.3,3864
98,2016-06-02,4231000,275963000,65.4,65.6,64.9,65.1,-0.4,2252
99,2016-06-03,9408000,623264000,66.3,67.9,64.8,64.8,-0.3,5346
100,2016-06-04,2502000,163473000,65.6,66.0,64.6,65.3,0.5,1534
101,2016-06-06,7085000,469976000,66.5,67.4,65.6,65.9,0.6,3789
102,2016-06-07,5815000,380104000,65.5,66.2,64.6,65.2,-0.7,3788
103,2016-06-08,5509000,357106000,65.1,65.6,64.2,64.9,-0.3,3514
104,2016-06-13,11645000,771314000,64.9,67.0,64.4,66.9,2.0,5560
105,2016-06-14,7575000,507181000,66.9,67.6,65.8,67.6,0.7,3793
106,2016-06-15,6121000,417754000,68.0,69.3,67.5,68.0,0.4,3485
107,2016-06-16,5005000,340345000,68.0,68.8,67.3,68.2,0.2,3064
108,2016-06-17,3144000,213410000,68.8,68.8,67.3,67.5,-0.7,1904
109,2016-06-20,2484000,166157000,67.5,67.7,66.5,67.2,-0.3,1671
110,2016-06-21,3072000,205276000,67.2,67.4,66.4,67.3,0.1,1668
111,2016-06-22,2623000,175894000,67.3,67.7,66.5,67.3,0.0,1491
112,2016-06-23,3520000,235239000,67.0,67.4,66.3,67.2,-0.1,2010
113,2016-06-24,11474000,729467000,66.9,66.9,60.5,62.8,-4.4,5819
114,2016-06-27,4522000,282817000,61.9,63.1,61.9,62.5,-0.3,2619
115,2016-06-28,2846000,179329000,61.9,63.8,61.5,63.8,1.3,1844
116,2016-06-29,4946000,321327000,64.3,65.7,63.8,65.7,1.9,2910
117,2016-06-30,5209000,341812000,65.8,66.6,64.8,65.3,-0.4,3026
118,2016-07-01,2813000,184602000,66.1,66.1,65.0,65.5,0.2,1742
119,2016-07-04,4500000,299330000,65.7,67.0,65.3,67.0,1.5,2691
120,2016-07-05,2858000,189764000,66.2,67.0,66.2,66.2,-0.8,1793
121,2016-07-06,9692000,611020000,66.0,66.0,61.8,61.9,-4.3,5651
122,2016-07-07,7400000,455829000,62.5,63.3,60.8,61.1,-0.8,4183
123,2016-07-11,10483000,654358000,61.4,63.3,61.4,63.3,2.7,5530
124,2016-07-12,3811000,241041000,63.5,63.8,62.5,63.3,0.0,2787
125,2016-07-13,4574000,293657000,63.9,64.5,63.4,64.5,1.2,2773
126,2016-07-14,4888000,308662000,64.0,64.3,62.7,62.7,-1.8,3235
127,2016-07-15,11689000,720013000,63.0,63.1,61.1,61.3,-1.4,6375
128,2016-07-18,11059000,663452000,61.1,61.3,59.2,59.6,-1.7,5500
129,2016-07-19,10660000,629995000,59.6,60.3,58.2,58.6,-1.0,6389
130,2016-07-20,9844000,568492000,58.3,58.6,57.3,57.5,-1.1,5871
131,2016-07-21,13530000,813960000,59.0,60.9,58.9,60.8,3.3,7619
132,2016-07-22,9101000,547525000,61.3,61.9,59.1,59.3,-1.5,4875
133,2016-07-25,11610000,675844000,59.5,60.2,57.5,58.3,-1.0,6518
134,2016-07-26,12717000,750770000,58.9,59.9,58.4,59.2,0.9,7134
135,2016-07-27,8736000,523791000,60.1,60.7,59.3,59.3,0.1,4274
136,2016-07-28,6289000,369117000,59.6,59.8,58.1,58.5,-0.8,3482
137,2016-07-29,4027000,235410000,58.7,59.0,58.0,58.5,0.0,2459
138,2016-08-01,7799000,466626000,59.0,60.5,58.7,60.5,2.0,3908
139,2016-08-02,6943000,423240000,60.7,61.5,60.5,61.1,0.6,3809
140,2016-08-03,5132000,311379000,60.5,61.4,59.8,61.3,0.2,3254
141,2016-08-04,4190000,254755000,61.3,61.4,60.5,60.7,-0.6,2297
142,2016-08-05,9202000,568496000,62.2,62.2,61.3,61.8,1.1,4222
143,2016-08-08,7633000,477094000,62.6,62.8,62.1,62.5,0.7,3324
144,2016-08-09,11865000,751307000,63.1,64.0,62.8,63.1,0.6,6177
145,2016-08-10,9447000,602282000,64.0,64.5,63.2,64.0,0.9,4690
146,2016-08-11,6820000,431368000,64.0,64.0,62.5,63.4,-0.6,3992
147,2016-08-12,8323000,516862000,63.6,63.8,61.4,61.8,-1.6,4232
148,2016-08-15,2753000,171248000,62.6,62.7,61.8,62.2,0.4,1723
149,2016-08-16,2135000,132849000,62.6,62.7,61.6,62.4,0.2,1376
150,2016-08-17,5149000,325445000,62.5,63.9,62.0,63.4,1.0,2984
151,2016-08-18,2905000,183204000,63.4,63.9,62.7,63.0,-0.4,1985
152,2016-08-19,3277000,205693000,63.0,63.4,62.1,62.5,-0.5,1905
153,2016-08-22,3215000,198884000,62.3,62.4,61.4,61.8,-0.7,1882
154,2016-08-23,2064000,127553000,61.9,62.1,61.6,61.8,0.0,1468
155,2016-08-24,2871000,178472000,61.9,62.9,61.7,62.6,0.8,1812
156,2016-08-25,2241000,139263000,62.6,62.6,61.9,62.0,-0.6,1243
157,2016-08-26,8911000,539802000,61.5,61.5,60.0,60.7,-1.3,5261
158,2016-08-29,4606000,281979000,60.7,61.9,60.7,61.9,1.2,2750
159,2016-08-30,5894000,370902000,62.3,63.5,62.1,63.1,1.2,3229
160,2016-08-31,5044000,319995000,63.0,63.7,62.7,63.7,0.6,3027
161,2016-09-01,4771000,303044000,63.9,64.3,63.0,63.4,-0.3,2255
162,2016-09-02,2782000,174142000,63.3,63.5,62.1,62.4,-1.0,1804
163,2016-09-05,17066000,974422000,59.0,59.2,56.2,57.5,-4.9,8368
164,2016-09-06,5839000,343754000,58.0,60.4,57.9,60.4,2.9,3607
165,2016-09-07,4026000,242190000,60.5,60.9,59.6,60.0,-0.4,2410
166,2016-09-08,2320000,139280000,60.0,60.6,59.6,60.0,0.0,1363
167,2016-09-09,4134000,246247000,59.8,60.3,59.0,59.0,-1.0,2129
168,2016-09-23,4985000,410539000,83.2,84.5,81.0,81.2,0.7,3328
169,2016-09-26,4353000,361722000,81.3,84.0,81.3,83.9,2.7,3109
170,2016-09-29,10791000,958910000,84.8,92.1,84.8,92.1,8.2,6283
171,2016-09-30,6538000,601021000,92.8,93.9,90.2,92.0,-0.1,4663
172,2016-10-03,4417000,407384000,92.4,94.0,91.0,91.0,-1.0,3374
173,2016-10-04,2993000,275221000,93.0,93.0,91.3,92.0,1.0,2221
174,2016-10-05,1644000,149959000,91.5,92.3,90.7,91.0,-1.0,1197
175,2016-10-06,2113000,193514000,92.0,92.5,90.9,90.9,-0.1,1543
176,2016-10-07,3333000,301563000,92.1,92.1,89.5,90.6,-0.3,2085
177,2016-10-11,3064000,280255000,91.4,93.8,89.7,92.7,2.1,2093
178,2016-10-12,2139000,197434000,91.6,93.0,90.9,92.7,0.0,1675
179,2016-10-13,1873000,173619000,93.0,93.5,92.1,92.5,-0.2,1406
180,2016-10-14,1532000,140543000,92.0,92.9,91.0,91.2,-1.3,1213
181,2016-10-17,811000,73830000,91.5,91.7,90.5,91.1,-0.1,686
182,2016-10-18,1235000,112974000,91.5,92.2,90.8,92.0,0.9,991
183,2016-10-19,1797000,166215000,92.0,93.3,91.6,92.6,0.6,1284
184,2016-10-20,1584000,146896000,92.6,93.5,92.0,92.0,-0.6,1259
185,2016-10-21,1586000,146822000,92.2,93.0,91.6,93.0,1.0,1322
186,2016-10-24,1884000,173999000,93.0,93.0,91.7,92.4,-0.6,1357
187,2016-10-25,2700000,251166000,93.0,93.5,92.1,93.5,1.1,1835
188,2016-10-26,6749000,645835000,93.5,97.1,93.1,96.0,2.5,3993
189,2016-10-27,3110000,298396000,96.0,97.0,95.0,96.9,0.9,2320
190,2016-10-28,4557000,428728000,96.8,96.8,93.1,93.1,-3.8,2814
191,2016-10-31,9274000,824616000,90.5,90.8,87.2,87.7,-5.4,5244
192,2016-11-01,2319000,204210000,87.5,88.8,87.3,88.1,0.4,1634
193,2016-11-02,4363000,368895000,87.2,87.2,82.2,82.2,-5.9,3141
194,2016-11-03,6428000,519968000,80.7,83.4,78.2,81.2,-1.0,4436
195,2016-11-04,2534000,203749000,79.9,81.3,79.5,80.5,-0.7,2109
196,2016-11-07,3110000,260259000,81.2,85.8,80.8,84.9,4.4,2432
197,2016-11-08,3093000,261052000,84.4,85.3,83.1,85.0,0.1,2028
198,2016-11-09,3678000,305143000,85.8,85.8,80.7,81.0,-4.0,2726
199,2016-11-10,2961000,248518000,83.6,85.0,83.5,83.5,2.5,2204
200,2016-11-11,3355000,275543000,81.3,83.8,80.5,83.0,-0.5,2591
201,2016-11-14,2484000,199691000,82.0,82.7,78.8,78.8,-4.2,1746
202,2016-11-15,2545000,202143000,78.5,80.9,77.1,80.9,2.1,1889
203,2016-11-16,3097000,254285000,82.6,83.4,81.1,81.6,0.7,2351
204,2016-11-17,1602000,131438000,81.1,82.4,81.1,82.4,0.8,1023
205,2016-11-18,2316000,191078000,82.0,83.2,82.0,82.4,0.0,1499
206,2016-11-21,1985000,162420000,81.7,82.4,81.6,82.0,-0.4,1462
207,2016-11-22,5491000,474981000,82.5,87.9,82.5,87.6,5.6,3501
208,2016-11-23,2784000,240891000,87.5,87.6,85.9,86.4,-1.2,2074
209,2016-11-24,1680000,144407000,86.0,86.5,85.1,86.0,-0.4,1064
210,2016-11-25,1708000,147607000,86.8,87.5,85.8,85.8,-0.2,1228
211,2016-11-28,2949000,256150000,85.3,87.5,85.2,87.0,1.2,1763
212,2016-11-29,4088000,360318000,86.7,92.3,85.0,92.3,5.3,2495
213,2016-11-30,1827000,166346000,91.8,92.3,90.3,90.7,-1.6,1345
214,2016-12-01,1405000,126872000,90.3,91.5,89.4,89.4,-1.3,1222
215,2016-12-02,1186000,105327000,88.2,89.3,88.1,89.3,-0.1,904
216,2016-12-05,2180000,192439000,89.1,89.1,87.3,88.0,-1.3,1439
217,2016-12-06,2482000,221159000,87.4,89.6,87.4,89.6,1.6,1693
218,2016-12-07,2670000,238082000,90.5,90.5,88.8,89.0,-0.6,1678
219,2016-12-08,3423000,312483000,89.9,92.7,89.3,91.9,2.9,2364
220,2016-12-09,2661000,244141000,91.0,92.5,90.6,92.0,0.1,1932
221,2016-12-12,1822000,168481000,92.0,93.0,91.3,92.9,0.9,1363
222,2016-12-13,2102000,191381000,92.2,92.4,90.1,90.1,-2.8,1633
223,2016-12-14,1610000,146485000,90.5,91.6,90.3,90.6,0.5,1282
224,2016-12-15,801000,72495000,90.4,91.1,90.2,90.5,-0.1,663
225,2016-12-16,1829000,166359000,90.3,91.5,90.3,91.0,0.5,1081
226,2016-12-19,1867000,168241000,90.5,91.4,89.3,89.8,-1.2,1107
227,2016-12-20,2183000,194000000,90.0,90.2,88.1,89.0,-0.8,1351
228,2016-12-21,979000,88189000,89.6,90.8,89.5,90.1,1.1,773
229,2016-12-22,843000,75119000,90.1,90.1,88.9,89.1,-1.0,614
230,2016-12-23,621000,55320000,88.4,89.5,88.2,89.1,0.0,468
231,2016-12-26,384000,34124000,88.8,89.3,88.4,88.8,-0.3,309
232,2016-12-27,925000,82936000,89.0,90.4,88.5,90.1,1.3,644
233,2016-12-28,1321000,119959000,90.5,91.7,90.1,90.6,0.5,977
234,2016-12-29,404000,36559000,90.0,91.0,89.6,90.8,0.2,368
235,2016-12-30,799000,72573000,91.2,91.4,90.5,90.9,0.1,508
236,2017-01-03,1348000,120761000,90.9,91.1,89.1,89.5,-1.4,1045
237,2017-01-04,625000,55988000,90.3,90.3,89.2,89.4,-0.1,536
238,2017-01-05,1734000,154489000,89.5,89.6,88.5,89.0,-0.4,1199
239,2017-01-06,1505000,134301000,89.0,89.7,88.6,89.7,0.7,1095
240,2017-01-09,1565000,140232000,89.7,90.1,89.0,90.0,0.3,1108
241,2017-01-10,1116000,99859000,89.5,89.7,89.2,89.5,-0.5,711
242,2017-01-11,2443000,215268000,89.3,89.4,87.1,88.0,-1.5,1613
243,2017-01-12,2855000,249618000,87.1,87.6,87.1,87.4,-0.6,2114
244,2017-01-13,3923000,339628000,87.0,87.4,85.7,87.0,-0.4,2344
245,2017-01-16,2818000,242207000,87.0,87.2,85.5,85.8,-1.2,1889
246,2017-01-17,3048000,261840000,85.6,87.3,84.8,87.3,1.5,2003
247,2017-01-18,2403000,211857000,87.0,88.8,87.0,88.7,1.4,1630
248,2017-01-19,3425000,303817000,88.6,89.4,87.7,88.4,-0.3,1692
249,2017-01-20,4223000,373621000,88.4,88.8,87.6,88.5,0.1,2797
250,2017-01-23,6183000,559646000,88.7,92.0,88.5,92.0,3.5,3512
251,2017-01-24,3915000,365609000,92.0,94.5,91.7,93.8,1.8,2714
252,2017-02-02,6797000,653764000,94.3,97.1,94.3,96.2,2.4,4188
253,2017-02-03,11413000,1145454000,97.0,103.5,97.0,99.3,3.1,6139
254,2017-02-06,6007000,609702000,101.0,103.0,100.5,102.0,2.7,4445
255,2017-02-07,5276000,536598000,102.0,103.0,101.0,102.0,0.0,3290
256,2017-02-08,8959000,938989000,102.0,108.5,101.0,102.0,0.0,5579
257,2017-02-09,5968000,624499000,103.0,106.0,103.0,103.5,1.5,3509
258,2017-02-10,3407000,354605000,104.0,105.0,103.5,104.5,1.0,2579
259,2017-02-13,14383000,1605362000,105.0,114.5,104.0,114.5,10.0,6838
260,2017-02-14,15312000,1795617000,114.0,122.0,113.5,119.0,4.5,8406
261,2017-02-15,6603000,777789000,120.0,121.0,115.5,118.0,-1.0,4348
262,2017-02-16,5583000,661997000,118.0,121.0,117.5,118.5,0.5,3617
263,2017-02-17,12191000,1561866000,121.0,130.0,121.0,130.0,11.5,4772
264,2017-02-18,9052000,1241317000,132.0,141.0,132.0,138.0,8.0,5982
265,2017-02-20,11673000,1475134000,129.5,131.0,124.5,124.5,-13.5,6324
266,2017-02-21,10532000,1274511000,120.5,124.0,117.5,122.5,-2.0,6141
267,2017-02-22,5997000,743072000,124.0,126.5,121.5,122.5,0.0,4191
268,2017-02-23,16343000,2156447000,125.0,134.5,124.5,132.0,9.5,8465
269,2017-02-24,5719000,746396000,131.0,132.5,128.5,130.5,-1.5,3649
270,2017-03-01,6431000,798050000,129.0,129.0,120.5,121.0,-9.5,4127
271,2017-03-02,6273000,762645000,124.5,125.0,118.5,123.5,2.5,3933
272,2017-03-03,3893000,482680000,122.5,125.5,121.5,125.0,1.5,2353
273,2017-03-06,2472000,304489000,124.5,124.5,121.5,123.5,-1.5,1764
274,2017-03-07,7661000,986345000,123.5,131.0,123.0,129.5,6.0,4589
275,2017-03-08,3630000,462305000,128.0,128.5,125.5,127.5,-2.0,2285
276,2017-03-09,2051000,257192000,127.5,127.5,124.5,125.5,-2.0,1434
277,2017-03-10,6360000,762055000,121.0,122.0,118.0,120.0,-5.5,4086
278,2017-03-13,3567000,430722000,121.0,122.0,119.0,121.5,1.5,2430
279,2017-03-14,3984000,488155000,122.5,124.0,120.5,122.5,1.0,2189
280,2017-03-15,4892000,613149000,123.5,127.0,122.5,125.0,2.5,2862
281,2017-03-16,6956000,892600000,126.0,131.5,125.5,126.0,1.0,4040
282,2017-03-17,4958000,639633000,125.5,131.0,125.0,131.0,5.0,2989
283,2017-03-20,10227000,1378551000,132.5,138.5,130.5,137.5,6.5,5599
284,2017-03-21,3797000,514649000,135.5,137.0,134.0,136.0,-1.5,2672
285,2017-03-22,4494000,611804000,132.0,140.5,131.5,139.0,3.0,2483
286,2017-03-23,4758000,651731000,139.0,140.5,132.0,132.0,-7.0,2914
287,2017-03-24,3221000,432500000,134.0,136.0,133.0,133.0,1.0,2132
288,2017-03-27,12999000,1813152000,134.5,145.5,132.5,137.0,4.0,7822
289,2017-03-28,9025000,1207417000,141.0,141.0,128.5,134.5,-2.5,5551
290,2017-03-29,4741000,646827000,136.5,139.5,134.5,134.5,0.0,3128
291,2017-03-30,4401000,586679000,134.5,135.0,132.0,133.0,-1.5,2301
292,2017-03-31,3358000,448279000,132.0,135.5,131.0,135.0,2.0,2034
293,2017-04-05,3247000,439693000,136.0,137.5,134.5,134.5,-0.5,2400
294,2017-04-06,2380000,315329000,135.5,135.5,131.0,131.0,-3.5,1468
295,2017-04-07,4012000,538733000,132.0,137.0,131.0,134.5,3.5,2734
296,2017-04-10,2213000,298487000,135.5,137.5,133.0,135.0,0.5,1411
297,2017-04-11,4313000,559527000,135.5,135.5,125.5,129.0,-6.0,2843
298,2017-04-12,5123000,644403000,131.0,131.0,124.5,125.0,-4.0,2517
299,2017-04-13,3244000,407506000,125.0,127.5,124.5,125.0,0.0,2025
300,2017-04-14,4149000,519188000,124.0,127.0,123.5,123.5,-1.5,1886
301,2017-04-17,3489000,423825000,124.0,125.5,119.0,123.5,0.0,2158
302,2017-04-18,1795000,224725000,125.0,127.0,124.0,125.0,1.5,1356
303,2017-04-19,2193000,274550000,124.0,127.0,124.0,127.0,2.0,1149
304,2017-04-20,2061000,254948000,124.0,125.0,123.0,123.0,-4.0,1342
305,2017-04-21,1229000,151541000,125.0,125.0,122.0,122.0,-1.0,847
306,2017-04-24,1147000,142244000,123.5,125.0,123.0,123.5,1.5,786
307,2017-04-25,7479000,968619000,125.0,133.5,124.5,129.0,5.5,4577
308,2017-04-26,3487000,449046000,128.5,130.5,127.0,128.5,-0.5,2547
309,2017-04-27,5181000,678077000,128.0,133.5,127.0,130.0,1.5,3909
310,2017-04-28,10272000,1363243000,128.5,135.5,127.5,134.5,4.5,6869
311,2017-05-02,4840000,638545000,132.0,133.0,130.0,132.0,-2.5,3055
312,2017-05-03,1601000,211686000,133.5,134.0,131.0,132.0,0.0,1017
313,2017-05-04,5261000,663626000,131.5,132.0,124.5,125.0,-7.0,3697
314,2017-05-05,6522000,818470000,128.5,129.5,123.0,123.5,-1.5,4580
315,2017-05-08,3814000,466711000,125.0,126.0,120.5,122.0,-1.5,2755
316,2017-05-09,2566000,318783000,123.5,126.0,122.5,123.5,1.5,1742
317,2017-05-10,3396000,424509000,125.0,126.5,123.0,124.0,0.5,2190
318,2017-05-11,5224000,667145000,126.0,129.0,125.0,129.0,5.0,3439
319,2017-05-12,4580000,595313000,129.5,132.0,127.5,130.0,1.0,3038
320,2017-05-15,2125000,279424000,131.5,133.0,130.0,130.0,0.0,1414
321,2017-05-16,2080000,269756000,131.5,131.5,128.0,130.0,0.0,1335
322,2017-05-17,1158000,149326000,130.5,131.0,128.0,129.0,-1.0,766
323,2017-05-18,1946000,252794000,127.5,131.5,126.5,131.0,2.0,1433
324,2017-05-19,1592000,207339000,130.0,131.5,129.0,130.0,-1.0,1127
325,2017-05-22,2193000,281205000,129.5,130.5,126.5,127.5,-2.5,1449
326,2017-05-23,1900000,241029000,128.0,128.5,126.0,126.5,-1.0,1131
327,2017-05-24,1295000,165208000,127.0,128.5,126.5,128.0,1.5,918
328,2017-05-25,2797000,365547000,128.0,132.0,128.0,131.0,3.0,1958
329,2017-05-26,1529000,198778000,130.5,131.0,129.0,130.5,-0.5,1048
330,2017-05-31,2468000,324155000,131.0,132.0,129.5,132.0,1.5,1187
331,2017-06-01,6980000,953415000,134.5,139.0,134.0,134.5,2.5,4617
332,2017-06-02,2431000,331513000,135.5,138.0,134.0,138.0,3.5,1687
333,2017-06-03,1803000,248583000,140.0,140.5,136.5,137.0,-1.0,1201
334,2017-06-05,4530000,634711000,138.0,142.0,137.0,141.5,4.5,2861
335,2017-06-06,14350000,2134763000,143.5,155.0,142.0,152.5,11.0,8754
336,2017-06-07,7474000,1149362000,155.5,157.0,151.0,152.0,-0.5,5189
337,2017-06-08,13053000,2067651000,154.0,162.5,153.5,159.0,7.0,8343
338,2017-06-09,4914000,779314000,159.0,161.0,156.5,160.0,1.0,3697
339,2017-06-12,4445000,685120000,157.5,157.5,152.5,153.0,-7.0,3089
340,2017-06-13,8566000,1277632000,153.0,154.5,147.0,147.0,-6.0,5268
341,2017-06-14,5983000,885253000,150.0,151.0,145.0,148.0,1.0,3811
342,2017-06-15,3596000,526382000,149.0,149.0,145.0,147.0,-1.0,2422
343,2017-06-16,4905000,729359000,147.0,151.0,146.5,150.0,3.0,3193
344,2017-06-19,4441000,666660000,150.5,152.0,148.5,149.0,-1.0,2606
345,2017-06-20,5084000,777927000,150.0,154.5,149.5,153.5,4.5,3298
346,2017-06-21,2817000,423859000,151.5,152.0,149.0,150.0,-3.5,1936
347,2017-06-22,3778000,564674000,150.0,151.0,147.0,149.5,-0.5,2261
348,2017-06-23,2698000,406996000,150.0,153.0,149.0,149.0,-0.5,1833
349,2017-06-26,13416000,2146959000,155.0,163.5,154.0,163.5,14.5,7134
350,2017-06-27,8737000,1428494000,165.0,166.0,160.0,165.0,1.5,5483
351,2017-06-28,5932000,947245000,161.0,163.5,157.0,158.5,-6.5,4168
352,2017-06-29,25326000,4214834000,164.0,174.0,158.5,162.0,3.5,15135
353,2017-06-30,8534000,1389541000,162.0,167.0,160.5,167.0,5.0,5564
354,2017-07-03,5091000,848410000,168.0,169.5,164.5,166.0,-1.0,3535
355,2017-07-04,4064000,660273000,167.0,167.0,159.5,159.5,-6.5,2992
356,2017-07-05,3646000,583077000,160.0,161.0,157.5,161.0,1.5,2530
357,2017-07-06,8385000,1357611000,162.0,165.5,159.0,160.0,-1.0,5106
358,2017-07-07,4345000,678790000,155.0,158.0,154.5,156.0,0.5,2968
359,2017-07-10,4208000,670249000,157.5,162.0,156.0,160.0,4.0,2925
360,2017-07-11,3456000,553417000,161.5,162.5,159.0,159.0,-1.0,2621
361,2017-07-12,9230000,1525410000,158.5,170.0,158.0,166.5,7.5,6787
362,2017-07-13,9163000,1562816000,168.0,173.0,168.0,170.0,3.5,6546
363,2017-07-14,10992000,1911887000,172.5,178.0,169.5,172.5,2.5,7323
364,2017-07-17,3943000,684225000,175.0,175.5,172.0,173.0,0.5,3013
365,2017-07-18,11535000,2058004000,175.0,181.0,173.5,181.0,8.0,7372
366,2017-07-19,4131000,740550000,179.5,181.0,177.5,180.0,-1.0,3082
367,2017-07-20,8080000,1425225000,181.5,183.0,173.0,174.5,-5.5,4942
368,2017-07-21,3546000,625208000,174.5,178.5,173.5,176.5,2.0,2593
369,2017-07-24,2278000,403463000,176.5,178.5,174.0,178.5,2.0,1597
370,2017-07-25,6900000,1265066000,180.0,186.0,180.0,184.5,6.0,5001
371,2017-07-26,5068000,911643000,180.0,182.0,178.5,178.5,-6.0,3878
372,2017-07-27,2813000,502853000,179.5,180.5,178.0,178.0,-0.5,2218
373,2017-07-28,5445000,954828000,177.5,177.5,174.0,175.5,-2.5,3515
374,2017-07-31,4246000,753699000,176.5,180.5,174.5,177.0,1.5,2692
375,2017-08-01,5890000,1047543000,179.5,180.0,175.5,176.0,-1.0,4027
376,2017-08-02,8640000,1556286000,179.0,182.0,177.5,181.0,5.0,5127
377,2017-08-03,5499000,971308000,180.0,180.0,175.0,175.0,-6.0,3750
378,2017-08-04,7807000,1337457000,175.0,176.5,167.5,170.0,-5.0,5353
379,2017-08-07,5715000,1006535000,173.0,178.0,173.0,177.0,7.0,4068
380,2017-08-08,5785000,1031645000,180.0,182.5,175.0,175.0,-2.0,4057
381,2017-08-09,4406000,753020000,174.5,174.5,169.0,170.0,-5.0,3110
382,2017-08-10,3961000,659722000,170.0,170.5,164.0,166.5,-3.5,2775
383,2017-08-11,3299000,552916000,162.0,171.5,162.0,170.5,4.0,2374
384,2017-08-14,3635000,602064000,170.0,170.0,163.0,163.5,-7.0,2608
385,2017-08-15,3688000,621214000,167.0,170.0,166.5,169.5,6.0,2363
386,2017-08-16,3032000,517988000,168.5,172.5,168.0,171.5,2.0,2135
387,2017-08-17,5634000,985433000,175.0,177.0,172.5,176.0,4.5,3595
388,2017-08-18,4453000,787503000,174.0,180.0,172.0,177.5,1.5,3076
389,2017-08-21,2835000,498259000,179.0,179.5,174.0,175.0,-2.5,2123
390,2017-08-22,2422000,427408000,177.0,178.5,174.5,178.5,3.5,1647
391,2017-08-23,4577000,818858000,180.0,180.5,176.0,176.0,-2.5,3318
392,2017-08-24,3480000,621624000,177.0,180.0,175.0,179.0,3.0,2352
393,2017-08-25,4236000,743802000,177.0,179.0,174.5,175.0,-4.0,2851
394,2017-08-28,6968000,1184636000,173.5,173.5,167.5,168.5,-6.5,4606
395,2017-08-29,3595000,618619000,168.0,175.5,167.0,172.5,4.0,2730
396,2017-08-30,1458000,252266000,174.0,174.5,171.5,172.5,0.0,1117
397,2017-08-31,1767000,306442000,174.0,174.5,172.5,174.0,1.5,1100
398,2017-09-01,1346000,234626000,175.5,176.0,173.5,174.5,0.5,1009
399,2017-09-04,2533000,444393000,174.5,178.0,173.0,173.0,-1.5,1825
400,2017-09-05,1446000,252468000,173.0,176.0,173.0,175.5,2.5,1198
401,2017-09-06,8118000,1449647000,176.0,182.5,175.0,175.0,-0.5,5421
402,2017-09-07,3481000,600880000,177.0,178.5,170.5,170.5,-4.5,2620
403,2017-09-08,1937000,331057000,172.0,172.5,169.0,172.0,1.5,1420
404,2017-09-11,2457000,417817000,173.5,173.5,169.0,169.5,-2.5,1563
405,2017-09-12,3930000,685279000,173.0,178.0,171.0,175.5,6.0,2829
406,2017-09-13,16848000,3068655000,179.5,187.0,176.0,185.0,9.5,10646
407,2017-09-14,13832000,2617723000,190.5,192.5,183.5,188.0,3.0,9539
408,2017-09-15,9068000,1736817000,190.5,196.0,185.5,194.5,6.5,6110
409,2017-09-18,7276000,1427927000,195.0,199.5,192.0,194.5,0.0,5274
410,2017-09-19,5205000,998499000,196.0,197.0,187.0,188.0,-6.5,4051
411,2017-09-20,3288000,620777000,189.0,192.0,185.5,189.5,1.5,2448
412,2017-09-21,3610000,692020000,189.0,194.5,188.5,193.5,4.0,2633
413,2017-09-22,3463000,651782000,192.0,192.0,186.0,187.0,-6.5,2721
414,2017-09-25,4674000,875382000,189.0,190.5,182.0,189.0,2.0,3503
415,2017-09-26,5115000,946485000,189.0,189.5,182.0,182.5,-6.5,3854
416,2017-09-27,2425000,450434000,184.0,187.5,184.0,186.5,4.0,1827
417,2017-09-28,7733000,1495899000,189.5,196.0,189.0,194.0,7.5,5296
418,2017-09-29,6413000,1254815000,195.5,198.5,193.5,194.0,0.0,4609
419,2017-09-30,5502000,1096112000,197.5,201.5,197.0,197.5,3.5,3779
420,2017-10-02,3345000,664847000,199.5,200.5,196.5,198.5,1.0,2360
421,2017-10-03,10160000,2101330000,201.0,209.0,201.0,208.0,9.5,6699
422,2017-10-05,5306000,1100520000,209.0,210.0,205.0,207.5,-0.5,3841
423,2017-10-06,5821000,1232289000,211.5,216.0,209.0,210.5,3.0,4476
424,2017-10-11,6152000,1313458000,210.5,218.0,209.0,218.0,7.5,4545
425,2017-10-12,12843000,2956062000,222.0,239.5,221.5,236.0,18.0,8415
426,2017-10-13,6655000,1521637000,230.0,233.0,223.0,233.0,-3.0,5105
427,2017-10-16,4318000,993276000,232.5,234.5,226.0,228.5,-4.5,3523
428,2017-10-17,8375000,1958827000,228.5,239.0,226.5,229.5,1.0,6214
429,2017-10-18,3481000,799104000,231.0,233.0,227.5,228.5,-1.0,2815
430,2017-10-19,6404000,1518841000,231.0,241.0,230.5,234.0,5.5,4526
431,2017-10-20,3766000,878213000,232.5,238.5,229.0,232.0,-2.0,3025
432,2017-10-23,4604000,1091684000,234.5,242.0,232.0,242.0,10.0,3449
433,2017-10-24,9017000,2257086000,242.0,259.0,240.0,250.0,8.0,7207
434,2017-10-25,6397000,1644169000,254.0,261.0,251.0,259.0,9.0,5187
435,2017-10-26,5999000,1547428000,257.5,262.5,254.5,254.5,-4.5,4651
436,2017-10-27,10553000,2555695000,256.0,258.5,229.5,233.0,-21.5,7443
437,2017-10-30,13947000,3229935000,241.0,245.0,215.0,240.5,7.5,10430
438,2017-10-31,10798000,2635334000,248.5,249.0,238.0,246.5,6.0,7869
439,2017-11-01,9698000,2461721000,246.0,258.5,244.5,258.0,11.5,7562
440,2017-11-02,7725000,2019119000,258.0,266.0,255.0,263.0,5.0,5999
441,2017-11-03,10270000,2799750000,265.0,280.0,264.5,276.5,13.5,8140
442,2017-11-06,9634000,2588975000,281.0,281.0,261.0,261.5,-15.0,7634
443,2017-11-07,7240000,1891686000,265.0,268.0,256.0,260.0,-1.5,5618
444,2017-11-08,6848000,1822110000,263.5,272.0,258.0,272.0,12.0,5464
445,2017-11-09,8169000,2188321000,272.0,278.0,258.0,261.0,-11.0,6302
446,2017-11-10,6614000,1740572000,261.0,267.0,256.5,265.0,4.0,5256
447,2017-11-13,8254000,2237921000,268.0,275.0,263.0,272.0,7.0,6074
448,2017-11-14,7900000,2139658000,276.0,276.5,265.0,269.0,-3.0,5968
449,2017-11-15,5270000,1414335000,269.0,274.0,265.0,265.0,-4.0,4139
450,2017-11-16,8035000,2186503000,265.0,276.5,265.0,272.0,7.0,6001
451,2017-11-17,15244000,4406577000,277.0,298.5,276.0,293.5,21.5,11067
452,2017-11-20,12033000,3484250000,303.0,303.5,278.0,278.0,-15.5,9047
453,2017-11-21,10993000,3185487000,282.5,299.0,279.5,294.5,16.5,8536
454,2017-11-22,13158000,3828005000,293.0,296.0,285.5,292.0,-2.5,9052
455,2017-11-23,7986000,2327947000,294.5,295.5,287.0,288.5,-3.5,5453
456,2017-11-24,9487000,2812037000,292.0,300.5,291.0,293.0,4.5,6813
457,2017-11-27,10117000,3041091000,297.0,306.0,296.0,298.0,5.0,7324
458,2017-11-28,6875000,2056022000,301.0,303.0,292.5,302.0,4.0,5057
459,2017-11-29,11518000,3601205000,309.0,318.5,306.0,315.0,13.0,8341
460,2017-11-30,34145000,10763547000,308.5,320.0,301.0,320.0,5.0,9678
461,2017-12-01,12389000,3881387000,320.5,320.5,306.0,306.0,-14.0,9023
462,2017-12-04,5678000,1752196000,314.0,314.0,303.0,307.5,1.5,4288
463,2017-12-05,13040000,3803182000,304.5,306.0,278.5,280.5,-27.0,9812
464,2017-12-06,17154000,4580610000,283.0,287.5,253.0,256.5,-24.0,12090
465,2017-12-07,12960000,3379628000,261.0,267.5,252.5,267.5,11.0,9467
466,2017-12-08,12213000,3369370000,272.0,287.5,263.0,286.0,18.5,9399
467,2017-12-11,10116000,3144237000,312.5,314.5,301.5,314.5,28.5,6465
468,2017-12-12,19929000,6486022000,322.0,340.0,309.0,323.5,9.0,15665
469,2017-12-13,12528000,3973178000,320.0,325.5,309.5,312.5,-11.0,8923
470,2017-12-14,23791000,6990367000,290.0,301.5,286.5,289.0,-23.5,16614
471,2017-12-15,13831000,4035299000,293.0,295.5,285.0,289.5,0.5,9790
472,2017-12-18,13550000,4028449000,290.0,305.5,284.0,305.0,15.5,10634
473,2017-12-19,15116000,4737808000,307.5,318.0,306.0,314.0,9.0,10875
474,2017-12-20,11162000,3501360000,315.5,320.0,308.5,310.0,-4.0,8072
475,2017-12-21,6152000,1887159000,309.5,313.0,300.5,302.0,-8.0,4649
476,2017-12-22,6551000,1955630000,304.0,306.0,294.5,297.0,-5.0,5016
477,2017-12-25,4173000,1242973000,297.0,302.5,293.5,293.5,-3.5,3316
478,2017-12-26,10517000,2971442000,293.5,295.0,270.0,283.5,-10.0,7936
479,2017-12-27,7904000,2186171000,277.5,283.0,272.0,274.0,-9.5,6056
480,2017-12-28,7063000,2000355000,279.5,286.5,277.0,286.5,12.5,5469
481,2017-12-29,6684000,1892750000,287.0,290.0,277.5,283.0,-3.5,5102
482,2018-01-02,5333000,1485572000,280.0,283.0,274.5,283.0,0.0,4149
483,2018-01-03,10485000,3121543000,288.0,308.0,285.5,304.0,21.0,8112
484,2018-01-04,6460000,1968883000,305.0,309.0,300.5,303.5,-0.5,4957
485,2018-01-05,9390000,2908516000,314.0,317.0,303.0,303.0,-0.5,6871
486,2018-01-08,5546000,1672357000,305.0,307.5,298.0,299.0,-4.0,3978
487,2018-01-09,12399000,3550554000,301.0,301.0,279.5,280.0,-19.0,9135
488,2018-01-10,15573000,4254516000,280.0,283.0,269.0,270.0,-10.0,11376
489,2018-01-11,10255000,2771600000,272.5,274.0,267.0,269.0,-1.0,7437
490,2018-01-12,19757000,5120979000,269.5,270.0,252.5,252.5,-16.5,14449
491,2018-01-15,15701000,4073428000,250.0,266.0,246.0,265.0,12.5,12214
492,2018-01-16,10707000,2877710000,265.0,274.0,262.0,269.0,4.0,8287
493,2018-01-17,8145000,2197031000,267.0,273.0,265.5,269.0,0.0,5620
494,2018-01-18,7516000,2066449000,273.0,277.5,271.0,272.5,3.5,5720
495,2018-01-19,8712000,2305949000,274.5,275.0,257.5,259.5,-13.0,6679
496,2018-01-22,11033000,2885316000,257.5,273.0,252.0,269.5,10.0,8757
497,2018-01-23,9569000,2502517000,265.0,268.0,255.0,255.0,-14.5,7051
498,2018-01-24,12436000,3093172000,252.0,252.0,245.5,249.5,-5.5,9079
499,2018-01-25,10795000,2666469000,248.0,256.0,240.0,240.0,-9.5,8593
500,2018-01-26,10397000,2505331000,237.5,247.5,237.5,239.5,-0.5,7661
501,2018-01-29,7600000,1869348000,244.5,252.0,241.5,252.0,12.5,5699
502,2018-01-30,13701000,3528591000,256.0,263.0,252.0,252.0,0.0,9713
503,2018-01-31,7246000,1854857000,252.0,261.0,247.5,261.0,9.0,5498
504,2018-02-01,8042000,2086453000,261.0,263.0,255.0,258.5,-2.5,6039
505,2018-02-02,9497000,2502670000,260.0,266.5,260.0,263.0,4.5,6431
506,2018-02-05,4864000,1242788000,255.0,258.0,251.5,256.5,-6.5,3404
507,2018-02-06,10309000,2459720000,240.0,247.0,231.0,235.0,-21.5,7462
508,2018-02-07,11105000,2766316000,252.5,256.0,242.5,242.5,7.5,8057
509,2018-02-08,7505000,1784477000,244.0,247.0,233.0,238.0,-4.5,5765
510,2018-02-09,12494000,2962546000,222.0,250.0,221.0,249.5,11.5,9227
511,2018-02-12,6142000,1517334000,249.5,251.0,243.0,243.0,-6.5,4634
512,2018-02-21,9567000,2440597000,250.0,261.5,248.0,256.0,13.0,7100
513,2018-02-22,7870000,2030744000,254.0,262.0,252.0,256.5,0.5,5918
514,2018-02-23,6111000,1599382000,256.0,264.0,256.0,262.5,6.0,4685
515,2018-02-26,6104000,1622918000,266.0,268.0,262.5,268.0,5.5,4356
516,2018-02-27,7610000,2066873000,272.0,274.5,267.5,268.5,0.5,5152
517,2018-03-01,4102000,1100532000,265.0,271.5,264.0,270.0,1.5,3185
518,2018-03-02,4437000,1169524000,265.5,267.5,260.5,260.5,-9.5,3430
519,2018-03-05,4632000,1188258000,263.0,263.5,250.5,250.5,-10.0,3444
520,2018-03-06,6530000,1700811000,256.0,265.0,254.5,264.5,14.0,4905
521,2018-03-07,4453000,1176333000,262.0,267.5,259.5,265.0,0.5,3563
522,2018-03-08,9039000,2459594000,265.5,276.0,265.5,272.5,7.5,6832
523,2018-03-09,4976000,1363702000,274.5,278.0,269.0,270.0,-2.5,4016
524,2018-03-12,11885000,3463544000,281.0,297.0,281.0,297.0,27.0,8202
525,2018-03-13,20016000,6241462000,306.0,317.0,303.0,315.5,18.5,14434
526,2018-03-14,9049000,2833719000,315.5,319.0,308.0,309.5,-6.0,7246
527,2018-03-15,11506000,3647120000,310.5,321.5,310.5,321.5,12.0,8435
528,2018-03-16,7463000,2359076000,321.5,321.5,313.0,315.0,-6.5,5476
529,2018-03-19,5787000,1831554000,318.5,321.0,311.0,311.0,-4.0,4536
530,2018-03-20,6308000,1942081000,306.5,315.0,301.5,315.0,4.0,4821
531,2018-03-21,5726000,1813464000,318.0,319.5,313.5,315.0,0.0,4345
532,2018-03-22,4844000,1510438000,316.0,317.5,305.0,305.0,-10.0,3767
533,2018-03-23,7965000,2366433000,293.0,302.5,292.5,295.0,-10.0,6085
534,2018-03-26,4712000,1423435000,300.0,305.5,297.0,302.0,7.0,3753
535,2018-03-27,7191000,2250665000,311.5,316.5,308.5,313.0,11.0,5520
536,2018-03-28,8496000,2662512000,310.0,320.0,307.5,308.0,-5.0,6759
537,2018-03-29,5307000,1658163000,310.0,316.0,308.5,313.0,5.0,4100
538,2018-03-30,5094000,1619272000,318.5,322.0,313.5,314.0,1.0,4183
539,2018-03-31,1559000,490652000,318.0,318.5,312.5,314.5,0.5,1344
540,2018-04-02,3893000,1225179000,320.0,321.0,310.5,310.5,-4.0,3175
541,2018-04-03,5099000,1572865000,309.0,313.5,305.0,308.0,-2.5,4055
542,2018-04-09,3695000,1140516000,313.5,314.0,305.5,305.5,-2.5,2684
543,2018-04-10,2431000,750660000,310.0,312.5,306.0,306.0,0.5,1873
544,2018-04-11,2675000,827865000,310.0,312.0,306.5,306.5,0.5,1991
545,2018-04-12,3061000,954281000,310.5,315.0,308.0,309.5,3.0,2382
546,2018-04-13,8880000,2839001000,315.0,323.0,313.0,318.5,9.0,6195
547,2018-04-16,9437000,3110214000,327.0,334.5,325.5,331.0,12.5,7590
548,2018-04-17,7874000,2512428000,331.0,331.0,311.5,311.5,-19.5,6353
549,2018-04-18,9949000,3030709000,318.5,318.5,294.0,306.0,-5.5,7514
550,2018-04-19,3577000,1110303000,307.5,313.0,307.5,312.0,6.0,2869
551,2018-04-20,4638000,1399224000,305.0,306.0,297.0,297.5,-14.5,3810
552,2018-04-23,8117000,2313752000,293.5,293.5,279.0,282.5,-15.0,6184
553,2018-04-24,1855000,472102000,254.5,254.5,254.5,254.5,-28.0,975
554,2018-04-25,20722000,4797616000,229.5,241.0,229.5,231.0,-23.5,11687
555,2018-04-26,16219000,3646608000,234.5,237.5,212.0,218.0,-13.0,11523
556,2018-04-27,3334000,738496000,226.5,226.5,217.0,222.5,4.5,2474
557,2018-04-30,2119000,480493000,228.0,229.5,224.5,224.5,2.0,1481
558,2018-05-02,2959000,690291000,226.0,237.0,226.0,232.0,7.5,2158
559,2018-05-03,3762000,890178000,238.0,241.0,232.0,232.0,0.0,2585
560,2018-05-04,2226000,527763000,238.0,242.0,232.5,236.5,4.5,1647
561,2018-05-07,2827000,658792000,241.0,241.0,229.5,230.0,-6.5,1956
562,2018-05-08,3405000,813806000,232.0,241.0,232.0,240.0,10.0,2533
563,2018-05-09,2837000,681053000,236.0,243.0,236.0,243.0,3.0,2012
564,2018-05-10,4568000,1160654000,248.0,262.5,245.0,257.0,14.0,3472
565,2018-05-11,3628000,953275000,260.0,267.5,258.0,263.0,6.0,2623
566,2018-05-14,12268000,3394154000,270.0,288.5,263.5,286.5,23.5,9355
567,2018-05-15,8027000,2200398000,283.0,283.0,269.0,269.0,-17.5,6405
568,2018-05-16,5227000,1411766000,266.5,277.0,265.0,265.0,-4.0,3951
569,2018-05-17,4867000,1288262000,270.0,270.0,258.5,265.0,0.0,3806
570,2018-05-18,3828000,996173000,264.0,267.0,257.0,257.0,-8.0,3043
571,2018-05-21,5667000,1535307000,265.5,276.0,265.5,268.5,11.5,4496
572,2018-05-22,6794000,1871334000,275.0,280.0,271.0,274.0,5.5,5431
573,2018-05-23,2653000,719123000,276.0,276.0,268.0,271.5,-2.5,2241
574,2018-05-24,3727000,1027560000,274.5,279.5,273.0,273.5,2.0,3075
575,2018-05-25,2644000,721579000,273.0,275.5,268.5,274.0,0.5,2121
576,2018-05-28,4126000,1154966000,279.0,282.5,276.5,279.0,5.0,3131
577,2018-05-29,4320000,1173636000,278.5,279.0,268.5,268.5,-10.5,3605
578,2018-05-30,10425000,2630656000,260.5,262.0,244.5,248.0,-20.5,7592
579,2018-05-31,10325000,2546378000,249.5,256.5,240.0,243.5,-4.5,7354
580,2018-06-01,4048000,1008945000,246.0,253.0,244.0,251.5,8.0,3289
581,2018-06-04,5628000,1463022000,255.0,263.5,254.5,263.5,12.0,4435
582,2018-06-05,3767000,985845000,266.5,267.0,257.0,264.0,0.5,3068
583,2018-06-06,4733000,1283131000,267.0,274.0,267.0,273.0,9.0,3725
584,2018-06-07,3577000,976642000,277.0,278.0,269.5,269.5,-3.5,2815
585,2018-06-08,10268000,2597409000,249.5,258.5,249.5,251.0,-18.5,8355
586,2018-06-11,6877000,1670173000,241.0,247.5,241.0,242.5,-8.5,5366
587,2018-06-12,5788000,1439063000,246.5,252.0,245.0,247.0,4.5,4205
588,2018-06-13,2936000,724601000,249.5,251.5,244.0,244.5,-2.5,2412
589,2018-06-14,3197000,769758000,241.0,243.0,238.5,241.5,-3.0,2489
590,2018-06-15,4962000,1234738000,246.0,253.0,243.0,245.5,4.0,3907
591,2018-06-19,5129000,1224886000,243.0,245.0,235.0,236.0,-9.5,4049
592,2018-06-20,4596000,1067229000,237.0,238.5,227.0,238.0,2.0,3755
593,2018-06-21,2780000,671017000,242.0,244.0,238.0,238.5,0.5,2234
594,2018-06-22,2742000,643194000,238.5,238.5,231.0,233.0,-5.5,2298
595,2018-06-25,6188000,1390141000,231.0,232.5,220.0,220.0,-13.0,4917
596,2018-06-26,5382000,1182159000,216.0,228.0,212.5,228.0,8.0,4128
597,2018-06-27,3666000,822882000,228.0,230.5,219.5,219.5,-8.5,2803
598,2018-06-28,4179000,912764000,221.0,222.0,215.5,216.0,-3.5,2807
599,2018-06-29,3296000,723063000,219.5,221.5,217.5,219.5,3.5,1996
600,2018-07-02,3369000,744924000,221.0,228.5,217.0,217.0,-2.5,2526
601,2018-07-03,9227000,1857624000,211.0,215.0,189.0,194.5,-15.5,6632
602,2018-07-04,4878000,960139000,192.0,199.5,192.0,199.5,5.0,3850
603,2018-07-05,4477000,912619000,203.0,208.0,199.0,200.5,1.0,3686
604,2018-07-06,5293000,1064690000,206.0,207.5,195.0,202.5,2.0,3747
605,2018-07-09,4645000,917367000,202.5,203.5,193.0,196.5,-6.0,3555
606,2018-07-10,5179000,1055589000,200.0,208.0,198.5,207.5,11.0,4193
607,2018-07-11,6954000,1474046000,204.5,217.5,201.5,215.0,7.5,5175
608,2018-07-12,5451000,1190518000,218.5,221.5,214.0,221.0,6.0,4098
609,2018-07-13,15634000,3690417000,232.0,243.0,228.5,241.0,20.0,10579
610,2018-07-16,8778000,2121328000,245.0,245.0,238.0,239.0,-2.0,6350
611,2018-07-17,9018000,2109611000,239.0,244.5,226.0,228.5,-10.5,6975
612,2018-07-18,7876000,1771559000,230.0,232.5,221.0,222.0,-6.5,5890
613,2018-07-19,6337000,1444584000,225.0,232.0,222.5,229.5,7.5,4816
614,2018-07-20,9987000,2302789000,232.5,238.0,222.5,225.0,-4.5,7166
615,2018-07-23,860000,174233000,202.5,202.5,202.5,202.5,-22.5,697
616,2018-07-24,775000,141371000,182.5,182.5,182.5,182.5,-20.0,604
617,2018-07-25,52539000,8868927000,170.0,173.5,164.5,165.0,-17.5,27125
618,2018-07-26,27728000,4628694000,166.0,170.5,163.0,166.0,1.0,16546
619,2018-07-27,5832000,949709000,164.0,166.0,160.0,161.0,-5.0,4195
620,2018-07-30,10511000,1599209000,161.0,164.0,145.0,146.0,-15.0,7013
621,2018-07-31,6797000,1006782000,147.5,151.0,144.0,148.0,2.0,4458
622,2018-08-01,7031000,1090434000,148.5,159.0,148.5,156.0,8.0,4696
623,2018-08-02,4052000,628318000,158.0,158.0,152.0,156.0,0.0,2937
624,2018-08-03,5463000,875457000,158.5,163.0,157.0,162.0,6.0,3615
625,2018-08-06,4183000,688618000,164.0,166.0,162.0,165.0,3.0,2966
626,2018-08-07,6501000,1097972000,166.0,170.5,166.0,170.5,5.5,4490
627,2018-08-08,6309000,1087182000,173.0,174.0,169.0,169.0,-1.5,4208
628,2018-08-09,3503000,576150000,169.0,169.0,162.5,165.0,-4.0,2536
629,2018-08-10,5617000,926131000,165.0,168.5,161.0,165.0,0.0,3840
630,2018-08-13,6649000,1034815000,162.5,164.0,149.0,153.5,-11.5,4757
631,2018-08-14,3927000,610701000,156.0,158.0,152.5,156.0,2.5,2960
632,2018-08-15,10765000,1583501000,155.5,155.5,144.0,145.5,-10.5,7441
633,2018-08-16,9297000,1299501000,136.5,144.0,134.5,144.0,-1.5,6389
634,2018-08-17,7691000,1142877000,147.0,152.0,145.5,146.5,2.5,5404
635,2018-08-20,6703000,1005302000,149.0,153.0,147.0,151.0,4.5,4448
636,2018-08-21,7300000,1141418000,152.0,159.5,152.0,158.5,7.5,5298
637,2018-08-22,13326000,2197711000,162.5,168.0,161.5,162.5,4.0,9095
638,2018-08-23,7703000,1236515000,162.5,163.0,158.0,160.0,-2.5,5391
639,2018-08-24,7552000,1199562000,158.0,163.0,155.0,162.0,2.0,5374
640,2018-08-27,5327000,864448000,164.0,164.0,160.0,162.5,0.5,3675
641,2018-08-28,6926000,1141321000,163.0,167.0,161.0,161.0,-1.5,4613
642,2018-08-29,3290000,531782000,162.0,164.0,159.5,161.0,0.0,2348
643,2018-08-30,7243000,1198638000,162.5,167.0,162.5,166.0,5.0,4891
644,2018-08-31,4071000,674216000,165.0,167.0,163.5,166.5,0.5,2685
645,2018-09-03,4899000,802199000,167.5,168.5,161.0,161.0,-5.5,3388
646,2018-09-04,10880000,1922243000,175.5,177.0,175.0,177.0,16.0,5239
647,2018-09-05,33155000,6143035000,178.0,193.0,177.0,187.0,10.0,20779
648,2018-09-06,11751000,2180471000,186.0,189.5,182.0,183.0,-4.0,8405
649,2018-09-07,11700000,2047882000,180.0,182.0,168.5,172.5,-10.5,8748
650,2018-09-10,12026000,1929363000,172.0,172.0,155.5,155.5,-17.0,8061
651,2018-09-11,11172000,1769388000,155.0,162.5,152.5,159.0,3.5,7395
652,2018-09-12,12877000,1854998000,145.0,146.0,143.5,143.5,-15.5,6485
653,2018-09-13,18069000,2488486000,137.0,142.5,135.0,136.0,-7.5,11508
654,2018-09-14,28619000,3829224000,138.0,140.0,127.5,138.5,2.5,19080
655,2018-09-17,10225000,1426895000,136.5,143.0,133.5,143.0,4.5,6573
656,2018-09-18,15048000,2090513000,139.0,143.5,134.0,142.0,-1.0,9637
657,2018-09-19,15632000,2160601000,145.0,146.0,133.5,133.5,-8.5,10239
658,2018-09-20,16292000,2089127000,131.0,133.0,124.0,124.0,-9.5,10644
659,2018-09-21,16050000,2051898000,127.0,131.0,124.0,131.0,7.0,9457
660,2018-09-25,10662000,1413378000,129.0,136.0,127.5,133.5,2.5,7017
661,2018-09-26,6176000,812157000,130.0,134.5,130.0,131.0,-2.5,4209
662,2018-09-27,7832000,1041475000,130.0,134.5,129.0,133.0,2.0,5406
663,2018-09-28,7347000,990543000,135.5,136.5,133.0,134.5,1.5,4837
664,2018-10-01,5818000,806122000,137.5,140.0,136.0,140.0,5.5,4147
665,2018-10-02,5723000,793895000,141.0,141.0,137.0,138.0,-2.0,4118
666,2018-10-03,5744000,783451000,138.0,140.0,134.0,134.5,-3.5,3813
667,2018-10-04,5446000,722294000,132.5,134.0,131.5,132.0,-2.5,3815
668,2018-10-05,11199000,1373974000,125.5,127.5,119.0,119.0,-13.0,7734
669,2018-10-08,8601000,1015338000,118.0,122.0,114.5,118.5,-0.5,5942
670,2018-10-09,17177000,1899567000,116.0,118.5,107.0,107.0,-11.5,11359
671,2018-10-11,23749000,2418235000,96.3,109.0,96.3,109.0,2.0,14096
672,2018-10-12,18009000,2053826000,111.0,119.5,109.0,119.0,10.0,12129
673,2018-10-15,16563000,2000761000,116.0,125.0,115.0,125.0,6.0,10459
674,2018-10-16,14706000,1771447000,124.5,124.5,116.5,116.5,-8.5,9712
675,2018-10-17,11044000,1323812000,120.5,122.0,117.5,118.0,1.5,7468
676,2018-10-18,7053000,829886000,118.0,119.5,115.5,116.0,-2.0,4854
677,2018-10-19,18125000,2136212000,114.0,121.5,112.0,120.5,4.5,11177
678,2018-10-22,11003000,1331441000,118.0,123.0,118.0,120.0,-0.5,6646
679,2018-10-23,18240000,2031903000,114.5,115.0,108.0,108.0,-12.0,11979
680,2018-10-24,23751000,2371920000,97.9,105.0,97.2,97.2,-10.8,15119
681,2018-10-25,13747000,1274651000,91.4,95.2,90.0,95.2,-2.0,9023
682,2018-10-26,21132000,1918533000,96.2,98.0,86.8,88.0,-7.2,14268
683,2018-10-29,14346000,1297174000,89.5,92.7,86.7,91.6,3.6,9553
684,2018-10-30,8922000,814155000,91.8,93.8,89.5,90.0,-1.6,6152
685,2018-10-31,13624000,1300266000,91.8,98.5,91.8,95.0,5.0,9003
686,2018-11-01,16122000,1635783000,96.0,104.5,95.1,104.5,9.5,9315
687,2018-11-02,20557000,2249556000,108.0,113.5,106.5,110.5,6.0,12584
688,2018-11-05,20022000,2313329000,108.0,121.5,108.0,121.5,11.0,12662
689,2018-11-06,19462000,2244469000,121.5,121.5,109.5,109.5,-12.0,11688
690,2018-11-07,14760000,1715422000,110.5,119.5,110.5,117.0,7.5,10015
691,2018-11-08,15728000,1843660000,120.0,123.5,112.0,113.5,-3.5,10568
692,2018-11-09,10490000,1171487000,111.5,115.0,108.5,113.5,0.0,7038
693,2018-11-12,11372000,1233917000,110.0,111.5,106.0,108.5,-5.0,7736
694,2018-11-13,2949000,288162000,97.7,97.7,97.7,97.7,-10.8,2085
695,2018-11-14,19405000,1911251000,98.0,102.5,95.5,95.8,-1.9,12817
696,2018-11-15,12535000,1194263000,96.2,97.5,93.3,97.5,1.7,8577
697,2018-11-16,8729000,868456000,99.9,101.5,97.0,97.0,-0.5,6108
698,2018-11-19,5615000,565564000,98.0,102.0,98.0,102.0,5.0,4094
699,2018-11-20,8310000,851747000,100.0,104.5,99.0,102.5,0.5,5735
700,2018-11-21,8329000,857246000,101.0,105.5,100.0,105.5,3.0,5742
701,2018-11-22,10421000,1103421000,105.0,109.0,102.0,103.0,-2.5,6995
702,2018-11-23,16130000,1722405000,107.5,110.5,103.5,104.0,1.0,10027
703,2018-11-26,12179000,1311143000,108.0,109.5,105.5,109.0,5.0,7383
704,2018-11-27,23436000,2706833000,109.0,119.5,108.0,119.0,10.0,14840
705,2018-11-28,13370000,1601611000,119.5,121.5,118.0,120.5,1.5,9168
706,2018-11-29,13393000,1646221000,125.0,127.0,120.0,120.0,-0.5,9045
707,2018-11-30,22524000,2820992000,121.0,129.0,121.0,126.5,6.5,13270
708,2018-12-03,20494000,2768469000,131.5,138.0,130.5,137.0,10.5,11323
709,2018-12-04,14202000,1920475000,139.0,139.0,131.0,131.0,-6.0,9008
710,2018-12-05,11516000,1427176000,124.5,126.0,122.0,122.5,-8.5,7933
711,2018-12-06,14645000,1690983000,120.5,121.0,111.0,114.0,-8.5,9143
712,2018-12-07,11718000,1384999000,118.0,120.5,116.0,116.5,2.5,7836
713,2018-12-10,7974000,901734000,111.5,115.0,111.0,115.0,-1.5,4946
714,2018-12-11,7006000,823679000,117.0,119.0,115.5,118.0,3.0,4549
715,2018-12-12,9967000,1218621000,120.5,124.5,120.0,122.5,4.5,6305
716,2018-12-13,8394000,1026679000,124.0,125.0,119.5,121.5,-1.0,5749
717,2018-12-14,6703000,785464000,120.0,120.5,115.5,118.0,-3.5,4663
718,2018-12-17,9015000,1097412000,118.5,124.0,117.0,123.5,5.5,6151
719,2018-12-18,14709000,1844912000,122.5,128.5,121.5,126.0,2.5,9850
720,2018-12-19,9041000,1145842000,128.5,130.0,124.0,124.0,-2.0,6500
721,2018-12-20,9318000,1119914000,124.0,125.0,115.5,116.5,-7.5,6297
722,2018-12-21,13086000,1498929000,115.5,120.0,109.5,119.5,3.0,8888
723,2018-12-22,2810000,328161000,116.0,118.0,115.5,117.0,-2.5,2032
724,2018-12-24,5496000,652859000,117.5,121.0,116.0,118.0,1.0,3750
725,2018-12-25,12009000,1434773000,114.0,122.5,113.5,121.5,3.5,8694
726,2018-12-26,9756000,1166746000,123.0,124.0,115.0,115.0,-6.5,6840
727,2018-12-27,6493000,777452000,120.5,121.5,118.5,119.0,4.0,4737
728,2018-12-28,8906000,1075320000,120.0,123.5,118.0,118.0,-1.0,5961
729,2019-01-02,4985000,597580000,119.0,121.5,118.5,121.0,3.0,3488
730,2019-01-03,9104000,1058784000,118.0,118.5,114.0,114.0,-7.0,6079
731,2019-01-04,10036000,1127426000,110.5,116.0,108.5,114.0,0.0,6675
732,2019-01-07,6741000,790263000,118.0,119.0,115.5,115.5,1.5,4252
733,2019-01-08,8439000,999420000,117.0,120.5,116.5,116.5,1.0,5394
734,2019-01-09,6358000,760428000,118.5,121.0,118.0,120.0,3.5,4658
735,2019-01-10,7428000,901672000,121.5,123.5,119.0,120.0,0.0,4906
736,2019-01-11,9757000,1198949000,121.5,125.0,120.5,123.0,3.0,6477
737,2019-01-14,6946000,866984000,124.5,126.5,123.0,124.0,1.0,4683
738,2019-01-15,5637000,708231000,124.5,126.5,124.5,126.0,2.0,3831
739,2019-01-16,11836000,1473797000,127.0,128.5,121.0,122.0,-4.0,7813
740,2019-01-17,5151000,628919000,122.0,123.5,120.0,123.5,1.5,3481
741,2019-01-18,5812000,727342000,125.0,126.5,123.5,126.0,2.5,4000
742,2019-01-21,19193000,2529055000,128.0,138.0,126.0,135.0,9.0,11521
743,2019-01-22,15041000,2050669000,133.0,139.5,132.5,136.5,1.5,9836
744,2019-01-23,9851000,1346915000,135.0,138.5,134.0,138.5,2.0,6459
745,2019-01-24,14127000,1980551000,139.5,142.5,137.0,142.0,3.5,8669
746,2019-01-25,30019000,4509579000,143.5,156.0,143.5,152.0,10.0,18824
747,2019-01-28,14124000,2143113000,154.0,154.5,150.0,150.0,-2.0,8627
748,2019-01-29,8908000,1300141000,147.5,148.0,144.0,148.0,-2.0,6159
749,2019-01-30,8316000,1247856000,151.0,151.5,147.5,149.5,1.5,5297
750,2019-02-11,18655000,2933650000,155.5,163.0,151.0,161.5,12.0,11913
751,2019-02-12,22374000,3797597000,162.0,176.5,160.0,174.0,12.5,14435
752,2019-02-13,20879000,3633663000,178.0,182.5,165.5,166.5,-7.5,14619
753,2019-02-14,21009000,3413878000,167.0,170.5,157.5,158.0,-8.5,13533
754,2019-02-15,27541000,4469301000,160.5,166.5,159.0,160.5,2.5,16932
755,2019-02-18,11007000,1791613000,162.5,164.5,161.0,163.0,2.5,6661
756,2019-02-19,18947000,3214831000,165.0,172.5,164.0,171.0,8.0,11835
757,2019-02-20,17595000,3021257000,173.5,176.5,167.0,168.0,-3.0,11418
758,2019-02-21,11597000,1969533000,169.5,172.0,165.5,171.0,3.0,7910
759,2019-02-22,8278000,1390896000,170.0,170.0,166.5,168.0,-3.0,5543
760,2019-02-25,21283000,3763078000,170.5,182.0,169.0,177.5,9.5,13989
761,2019-02-26,19233000,3459830000,180.0,186.0,175.0,175.0,-2.5,12788
762,2019-02-27,9596000,1664248000,177.0,177.0,170.0,175.0,0.0,6018
763,2019-03-04,13313000,2372399000,177.0,180.5,174.0,180.0,5.0,8046
764,2019-03-05,9459000,1658744000,177.5,178.5,173.0,173.0,-7.0,6297
765,2019-03-06,8581000,1474662000,172.0,175.5,169.0,172.0,-1.0,6064
766,2019-03-07,13554000,2233931000,170.0,170.0,159.0,160.0,-12.0,9376
767,2019-03-08,16930000,2673582000,156.0,163.5,154.0,162.5,2.5,10841
768,2019-03-11,7912000,1284784000,160.5,165.0,160.0,161.0,-1.5,5437
769,2019-03-12,7733000,1271737000,165.0,166.5,162.0,162.0,1.0,5398
770,2019-03-13,5707000,935363000,162.0,165.5,162.0,164.5,2.5,3855
771,2019-03-14,20423000,3516722000,166.0,176.5,165.5,175.0,10.5,13242
772,2019-03-15,35805000,6763318000,178.0,192.5,178.0,192.5,17.5,19504
773,2019-03-18,32891000,6621582000,199.0,206.0,197.0,197.5,5.0,19728
774,2019-03-19,21362000,4302628000,197.0,206.0,194.0,204.5,7.0,13178
775,2019-03-20,15037000,3010824000,204.0,205.0,197.0,199.5,-5.0,10189
776,2019-03-21,7544000,1505142000,200.0,202.5,197.0,199.5,0.0,5204
777,2019-03-22,17615000,3620931000,205.5,210.5,200.0,200.5,1.0,12347
778,2019-03-25,10613000,2063184000,191.0,196.5,191.0,194.0,-6.5,7189
779,2019-03-26,11491000,2293975000,195.0,205.0,194.5,205.0,11.0,7865
780,2019-03-27,19351000,4034164000,208.0,213.5,204.0,204.0,-1.0,12961
781,2019-03-28,14896000,3116754000,205.5,212.0,204.0,211.5,7.5,10174
782,2019-03-29,16557000,3572169000,214.5,218.5,213.0,217.5,6.0,10992
783,2019-04-01,14671000,3146881000,219.0,220.0,211.0,211.0,-6.5,8976
784,2019-04-02,11847000,2487096000,214.0,216.5,206.0,207.5,-3.5,8314
785,2019-04-03,8222000,1690312000,207.0,209.0,203.0,205.0,-2.5,5903
786,2019-04-08,13124000,2814367000,209.5,219.5,209.5,219.5,14.5,8465
787,2019-04-09,8340000,1797242000,220.0,223.5,211.0,211.0,-8.5,5806
788,2019-04-10,5478000,1175096000,214.0,217.0,211.0,212.0,1.0,4218
789,2019-04-11,11580000,2514085000,217.0,220.5,211.0,211.0,-1.0,8402
790,2019-04-12,6285000,1301523000,211.0,213.5,203.0,205.0,-6.0,5012
791,2019-04-15,8002000,1698680000,211.0,215.0,208.0,213.0,8.0,5490
792,2019-04-16,8466000,1821334000,215.0,217.0,213.0,213.0,0.0,5521
793,2019-04-17,11585000,2531603000,219.5,220.0,216.5,219.0,6.0,7475
794,2019-04-18,32003000,7519775000,225.0,240.5,225.0,229.0,10.0,17702
795,2019-04-19,21511000,4842697000,232.5,233.5,219.0,220.0,-9.0,14652
796,2019-04-22,12499000,2781354000,220.5,227.0,218.0,225.5,5.5,8420
797,2019-04-23,12390000,2787154000,226.0,229.5,219.5,229.5,4.0,8754
798,2019-04-24,9165000,2089925000,230.0,231.0,225.0,227.0,-2.5,6531
799,2019-04-25,5914000,1339723000,227.0,229.5,221.5,229.5,2.5,4335
800,2019-04-26,25628000,5420679000,218.0,218.0,207.0,207.0,-22.5,16534
801,2019-04-29,21040000,4153228000,200.5,204.0,188.5,204.0,-3.0,14158
802,2019-04-30,11074000,2248902000,201.0,207.0,198.5,207.0,3.0,7411
803,2019-05-02,6564000,1357153000,205.0,208.5,203.0,208.0,1.0,4532
804,2019-05-03,7809000,1643957000,207.0,214.0,205.5,213.0,5.0,5542
805,2019-05-06,11189000,2257101000,197.0,205.5,197.0,201.0,-12.0,7740
806,2019-05-07,5330000,1090432000,205.0,206.5,203.0,203.5,2.5,3761
807,2019-05-08,8947000,1826016000,198.5,209.0,197.0,206.0,2.5,6305
808,2019-05-09,10851000,2179156000,205.5,207.5,197.0,200.0,-6.0,7635
809,2019-05-10,8882000,1788722000,201.0,204.5,197.0,204.5,4.5,6053
810,2019-05-13,10804000,2137893000,204.5,205.5,192.5,193.0,-11.5,7565
811,2019-05-14,10760000,2032793000,183.5,194.0,182.0,194.0,1.0,7508
812,2019-05-15,11326000,2241877000,194.0,202.0,193.5,200.5,6.5,7771
813,2019-05-16,20399000,3872700000,197.5,197.5,180.5,181.0,-19.5,13701
814,2019-05-17,35506000,6088424000,182.0,184.0,163.5,165.0,-16.0,22042
815,2019-05-20,21262000,3493882000,167.0,169.0,159.0,168.5,3.5,14214
816,2019-05-21,26945000,4294797000,163.5,164.5,155.0,160.0,-8.5,17412
817,2019-05-22,31339000,5277799000,168.0,174.5,162.5,163.5,3.5,19172
818,2019-05-23,18592000,2992878000,157.0,167.0,155.5,167.0,3.5,12386
819,2019-05-24,18133000,2982185000,167.0,169.0,160.0,160.5,-6.5,12081
820,2019-05-27,13276000,2114431000,163.0,164.0,156.5,157.5,-3.0,8872
821,2019-05-28,11954000,1904048000,158.0,162.0,156.0,159.0,1.5,6530
822,2019-05-29,18142000,2859770000,154.5,163.5,151.5,163.5,4.5,11829
823,2019-05-30,14071000,2322111000,162.0,168.0,162.0,164.5,1.0,9584
824,2019-05-31,20276000,3479908000,165.0,178.0,165.0,174.5,10.0,14041
825,2019-06-03,17629000,3079346000,172.0,177.5,168.5,176.0,1.5,11621
826,2019-06-04,25778000,4645166000,178.5,184.5,177.0,178.0,2.0,15142
827,2019-06-05,17002000,3055849000,184.0,185.0,174.5,175.5,-2.5,10965
828,2019-06-06,13125000,2257319000,172.0,176.0,169.0,169.5,-6.0,8420
829,2019-06-10,15640000,2772930000,173.0,181.5,171.0,180.5,11.0,10070
830,2019-06-11,17503000,3233870000,182.0,187.0,180.5,187.0,6.5,12034
831,2019-06-12,14777000,2747341000,187.0,188.5,183.0,187.0,0.0,9703
832,2019-06-13,8454000,1578082000,184.5,189.0,184.0,188.5,1.5,5771
833,2019-06-14,20610000,3747780000,184.0,186.5,173.5,176.5,-12.0,13147
834,2019-06-17,13616000,2436767000,175.0,183.5,174.0,183.5,7.0,9132
835,2019-06-18,19462000,3614078000,185.0,188.0,182.0,187.5,4.0,12474
836,2019-06-19,24512000,4831158000,195.0,201.0,193.0,200.0,12.5,15207
837,2019-06-20,9552000,1912368000,200.5,201.5,198.5,200.5,0.5,6036
838,2019-06-21,13934000,2797187000,203.5,205.5,196.0,197.0,-3.5,9240
839,2019-06-24,7423000,1460636000,197.0,199.5,194.0,198.5,1.5,4966
840,2019-06-25,7881000,1569113000,199.5,201.5,195.5,198.5,0.0,5255
841,2019-06-26,6386000,1272779000,199.5,202.5,195.5,195.5,-3.0,4482
842,2019-06-27,5177000,1034120000,200.5,203.0,197.0,197.0,1.5,3995
843,2019-06-28,9184000,1844469000,199.0,203.5,199.0,199.0,2.0,5694
844,2019-07-01,9043000,1921589000,213.0,213.0,210.0,213.0,19.0,4769
845,2019-07-02,16381000,3545465000,214.0,219.5,212.5,218.0,5.0,11109
846,2019-07-03,11926000,2558651000,217.0,219.0,210.5,217.0,-1.0,8386
847,2019-07-04,16642000,3698923000,225.5,227.0,218.0,221.0,4.0,11277
848,2019-07-05,13188000,2875139000,222.0,223.0,214.0,216.5,-4.5,9083
849,2019-07-08,7742000,1664195000,214.5,218.0,212.0,218.0,1.5,5502
850,2019-07-09,7822000,1715618000,219.0,222.0,216.0,222.0,4.0,5584
851,2019-07-10,8255000,1829458000,221.5,223.5,218.5,222.0,0.0,5279
852,2019-07-11,13681000,3100775000,224.5,229.5,223.5,223.5,1.5,9048
853,2019-07-12,7781000,1717974000,224.0,225.0,219.0,220.0,-3.5,5200
854,2019-07-15,8054000,1786435000,222.0,224.0,219.5,221.5,1.5,4960
855,2019-07-16,7440000,1663058000,223.0,226.0,220.5,224.0,2.5,4807
856,2019-07-17,10714000,2422082000,222.5,229.5,221.0,227.0,3.0,6890
857,2019-07-18,7975000,1799908000,228.0,229.0,223.5,227.0,0.0,4991
858,2019-07-19,17694000,4169921000,235.0,237.5,233.0,236.5,9.5,11140
859,2019-07-22,24885000,6242909000,238.5,260.0,238.0,260.0,23.5,15756
860,2019-07-23,19328000,5110592000,265.0,270.0,257.5,262.5,2.5,12901
861,2019-07-24,18569000,5039213000,267.5,276.0,266.5,276.0,13.5,13099
862,2019-07-25,13590000,3710627000,278.0,278.5,270.0,272.5,-3.5,8916
863,2019-07-26,11080000,3001941000,268.5,275.5,267.5,275.0,2.5,7014
864,2019-07-29,11158000,3030842000,277.5,278.0,266.0,266.0,-9.0,7605
865,2019-07-30,16607000,4421653000,269.5,272.0,259.0,272.0,6.0,11316
866,2019-07-31,17551000,4694396000,270.0,271.5,263.5,268.0,-4.0,11679
867,2019-08-01,9344000,2502231000,263.0,270.5,262.5,268.0,0.0,6701
868,2019-08-02,18715000,4779542000,260.0,261.5,251.0,251.0,-17.0,12343
869,2019-08-05,10949000,2769771000,249.0,257.0,248.0,250.0,-1.0,7858
870,2019-08-06,20115000,5156373000,244.5,267.0,242.5,263.5,13.5,14880
871,2019-08-07,10963000,2911610000,265.5,269.0,262.0,262.0,-1.5,7895
872,2019-08-08,14334000,3885822000,263.5,275.0,263.5,274.0,12.0,10413
873,2019-08-12,11479000,3112955000,275.5,278.0,265.5,265.5,-8.5,8470
874,2019-08-13,10611000,2805847000,264.0,270.5,260.5,260.5,-5.0,7012
875,2019-08-14,13807000,3726082000,271.0,275.5,265.0,265.5,5.0,9278
876,2019-08-15,10888000,2824279000,257.5,263.0,257.0,259.5,-6.0,7036
877,2019-08-16,9318000,2457899000,262.0,267.5,260.5,262.5,3.0,6305
878,2019-08-19,7809000,2099285000,268.0,270.5,265.5,270.0,7.5,5511
879,2019-08-20,12271000,3353285000,273.0,277.5,268.5,268.5,-1.5,8492
880,2019-08-21,6593000,1786024000,269.0,274.5,267.5,274.5,6.0,4933
881,2019-08-22,12563000,3410183000,276.0,278.5,266.0,266.0,-8.5,8849
882,2019-08-23,8141000,2155913000,267.0,269.0,260.0,269.0,3.0,5699
883,2019-08-26,6908000,1811270000,260.0,265.0,258.5,264.5,-4.5,5129
884,2019-08-27,8629000,2274197000,266.5,268.5,259.0,259.0,-5.5,5583
885,2019-08-28,12504000,3185044000,261.0,261.5,250.5,253.0,-6.0,8927
886,2019-08-29,7110000,1818774000,257.0,259.0,252.0,259.0,6.0,4861
887,2019-08-30,5548000,1453355000,262.0,264.5,260.0,260.5,1.5,3901
888,2019-09-02,4962000,1287178000,261.0,262.5,256.5,262.0,1.5,3506
889,2019-09-03,9266000,2462907000,263.5,270.5,262.0,262.0,0.0,6635
890,2019-09-04,7104000,1896869000,265.5,269.5,263.0,269.5,7.5,5148
891,2019-09-05,16285000,4460465000,276.0,280.0,268.0,269.0,-0.5,11569
892,2019-09-06,6482000,1742103000,272.0,273.5,265.5,266.0,-3.0,5070
893,2019-09-09,5364000,1428919000,268.0,270.5,262.5,264.5,-1.5,3998
894,2019-09-10,6802000,1759149000,264.5,265.5,256.0,257.5,-7.0,5058
895,2019-09-11,5096000,1337547000,259.5,265.5,258.0,265.0,7.5,4010
896,2019-09-12,8586000,2293723000,268.0,270.5,262.5,265.5,0.5,6334
897,2019-09-16,3997000,1049624000,263.0,264.5,260.5,264.0,-1.5,3031
898,2019-09-17,15728000,4269502000,271.5,274.5,268.0,274.0,10.0,10369
899,2019-09-18,30140000,8672418000,280.0,296.0,277.5,290.5,16.5,21005
900,2019-09-19,8866000,2572199000,291.5,293.5,287.0,289.5,-1.0,6806
901,2019-09-20,8753000,2545508000,291.5,294.5,285.5,291.5,2.0,6506
902,2019-09-23,3464000,1010032000,291.5,293.0,289.0,292.5,1.0,2709
903,2019-09-24,14867000,4333068000,296.0,301.0,284.0,285.0,-7.5,10514
904,2019-09-25,5632000,1609170000,284.0,289.0,282.5,289.0,4.0,4080
905,2019-09-26,8361000,2409358000,294.0,295.0,284.0,284.0,-5.0,6441
906,2019-09-27,7409000,2065656000,285.0,287.0,274.5,278.5,-5.5,5691
907,2019-10-01,4491000,1258721000,281.0,283.0,278.5,279.0,0.5,3275
908,2019-10-02,3885000,1092180000,277.5,284.0,276.0,282.0,3.0,3120
909,2019-10-03,7188000,2043473000,277.5,288.0,277.0,287.0,5.0,5421
910,2019-10-04,4651000,1332173000,289.5,290.0,284.0,284.0,-3.0,3498
911,2019-10-07,4952000,1425804000,285.5,290.5,283.5,290.5,6.5,3742
912,2019-10-08,7741000,2244846000,293.0,295.0,285.0,285.0,-5.5,5693
913,2019-10-09,8408000,2423822000,285.0,293.5,282.5,284.5,-0.5,6516
914,2019-10-14,11808000,3485782000,292.0,299.0,290.0,294.0,9.5,8778
915,2019-10-15,11227000,3354962000,295.0,304.0,293.0,299.0,5.0,8178
916,2019-10-16,22878000,7051999000,304.0,316.0,302.5,306.0,7.0,16535
917,2019-10-17,11373000,3510227000,306.0,314.5,303.0,314.5,8.5,7867
918,2019-10-18,6179000,1914195000,313.0,313.5,307.0,307.0,-7.5,4679
919,2019-10-21,5001000,1525573000,308.0,310.0,302.5,302.5,-4.5,3720
920,2019-10-22,5588000,1714334000,305.0,309.5,304.5,305.5,3.0,4176
921,2019-10-23,8202000,2549238000,305.5,314.5,305.5,313.0,7.5,5719
922,2019-10-24,8151000,2573793000,316.0,320.0,310.0,320.0,7.0,6143
923,2019-10-25,7663000,2432269000,319.5,321.0,313.5,315.0,-5.0,5453
924,2019-10-28,24339000,8205325000,330.0,343.5,326.5,343.5,28.5,15255
925,2019-10-29,11500000,3837030000,343.0,343.5,321.0,330.0,-13.5,8449
926,2019-10-30,8726000,2863183000,326.0,333.0,320.0,333.0,3.0,6179
927,2019-10-31,8879000,2869739000,332.0,332.0,317.5,318.0,-15.0,6426
928,2019-11-01,8716000,2791644000,320.5,324.5,314.0,324.5,6.5,6491
929,2019-11-04,4267000,1388622000,330.0,330.0,323.0,323.5,-1.0,3221
930,2019-11-05,12362000,4124381000,326.5,339.0,324.5,335.5,12.0,9274
931,2019-11-06,8941000,2921304000,335.5,335.5,323.0,323.0,-12.5,6624
932,2019-11-07,10371000,3233799000,323.0,323.0,305.0,307.0,-16.0,7381
933,2019-11-08,7599000,2352461000,308.0,314.5,303.5,312.5,5.5,5636
934,2019-11-11,4442000,1355837000,309.5,309.5,303.0,305.0,-7.5,3469
935,2019-11-12,3705000,1141234000,306.0,310.5,305.0,310.0,5.0,2908
936,2019-11-13,4037000,1266162000,310.0,316.5,307.0,316.0,6.0,3162
937,2019-11-14,3914000,1235174000,319.0,319.0,312.5,318.0,2.0,2999
938,2019-11-15,6837000,2210536000,320.0,328.0,318.0,321.0,3.0,5232
939,2019-11-18,3220000,1043268000,323.0,326.5,321.5,324.0,3.0,2397
940,2019-11-19,4980000,1593091000,323.5,325.0,315.5,325.0,1.0,3574
941,2019-11-20,7706000,2417227000,324.0,324.0,308.5,308.5,-16.5,5894
942,2019-11-21,7192000,2219043000,305.5,314.5,302.0,314.5,6.0,5202
943,2019-11-22,5353000,1647717000,313.5,314.5,303.5,305.5,-9.0,4202
944,2019-11-25,3449000,1060554000,307.0,311.0,304.0,306.5,1.0,2712
945,2019-11-26,6128000,1913989000,309.0,315.5,307.5,311.5,5.0,4206
946,2019-11-27,3379000,1062270000,313.0,316.0,312.5,315.0,3.5,2718
947,2019-11-28,7817000,2405915000,316.0,316.5,304.5,306.0,-9.0,6004
948,2019-11-29,10939000,3294696000,308.0,309.0,298.0,302.5,-3.5,7936
949,2019-12-02,15280000,4465073000,303.5,305.0,281.5,298.0,-4.5,10992
950,2019-12-03,10840000,3181297000,295.5,300.0,290.0,291.0,-7.0,8117
951,2019-12-04,16308000,4632865000,289.5,291.5,280.0,282.0,-9.0,11269
952,2019-12-05,12289000,3564261000,286.5,295.5,285.0,292.0,10.0,8938
953,2019-12-06,6264000,1829572000,293.5,296.0,288.5,290.0,-2.0,4635
954,2019-12-09,3635000,1069446000,295.0,296.0,292.0,294.5,4.5,2674
955,2019-12-10,10692000,3050698000,292.0,292.0,282.0,285.0,-9.5,8129
956,2019-12-11,6983000,2002195000,285.0,289.5,282.5,286.0,1.0,4879
957,2019-12-12,15194000,4490634000,289.5,299.0,288.5,298.0,12.0,10722
958,2019-12-13,11652000,3482663000,301.5,306.0,292.0,296.0,-2.0,8615
959,2019-12-16,4637000,1374949000,296.0,298.5,294.5,295.5,-0.5,3567
960,2019-12-17,9429000,2849065000,299.0,304.0,298.0,300.5,5.0,6803
961,2019-12-18,5201000,1558237000,300.5,301.5,296.5,301.0,0.5,3982
962,2019-12-19,8488000,2500709000,302.0,303.0,291.5,291.5,-9.5,6136
963,2019-12-20,13015000,3722415000,293.0,294.0,282.0,283.0,-8.5,9522
964,2019-12-23,3369000,964766000,286.0,288.0,284.5,288.0,5.0,2671
965,2019-12-24,6617000,1936131000,290.0,295.5,289.0,293.5,5.5,5155
966,2019-12-25,3559000,1048030000,294.0,296.5,291.0,295.0,1.5,2690
967,2019-12-26,7149000,2133590000,297.0,301.5,293.5,300.0,5.0,5386
968,2019-12-27,9011000,2735344000,303.0,308.0,298.5,298.5,-1.5,6609
969,2019-12-30,4829000,1444473000,300.5,302.0,296.5,297.5,-1.0,3630
970,2019-12-31,4507000,1333484000,297.5,299.5,293.0,294.0,-3.5,3139
